_keywords,_title,_keywords,_title,_keywords,_title,_keywords,_title,flag
segmentfault,SegmentFault Ë¼·ñ,¶¹°ê,¶¹°ê,segmentfault,SegmentFault Ë¼·ñ,¶¹°ê,¶¹°ê,Y
segmentfault,SegmentFault Ë¼·ñ,¶¹°ê,¶¹°ê,segmentfault,SegmentFault Ë¼·ñ,¶¹°ê,¶¹°ê,Y
segmentfault,SegmentFault Ë¼·ñ,¶¹°ê,¶¹°ê,segmentfault,SegmentFault Ë¼·ñ,¶¹°ê,¶¹°ê,Y
segmentfault,SegmentFault Ë¼·ñ,¶¹°ê,¶¹°ê,segmentfault,SegmentFault Ë¼·ñ,¶¹°ê,¶¹°ê,Y
segmentfault,SegmentFault Ë¼·ñ,¶¹°ê,¶¹°ê,segmentfault,SegmentFault Ë¼·ñ,¶¹°ê,¶¹°ê,Y
segmentfault,SegmentFault Ë¼·ñ,¶¹°ê,¶¹°ê,segmentfault,SegmentFault Ë¼·ñ,¶¹°ê,¶¹°ê,Y
segmentfault,SegmentFault Ë¼·ñ,¶¹°ê,¶¹°ê,segmentfault,SegmentFault Ë¼·ñ,¶¹°ê,¶¹°ê,Y
segmentfault,SegmentFault Ë¼·ñ,¶¹°ê,¶¹°ê,segmentfault,SegmentFault Ë¼·ñ,¶¹°ê,¶¹°ê,Y
segmentfault,SegmentFault Ë¼·ñ,¶¹°ê,¶¹°ê,segmentfault,SegmentFault Ë¼·ñ,¶¹°ê,¶¹°ê,Y
segmentfault,SegmentFault Ë¼·ñ,¶¹°ê,¶¹°ê,segmentfault,SegmentFault Ë¼·ñ,¶¹°ê,¶¹°ê,Y
segmentfault,SegmentFault Ë¼·ñ,¶¹°ê,¶¹°ê,segmentfault,SegmentFault Ë¼·ñ,¶¹°ê,¶¹°ê,Y
segmentfault,SegmentFault Ë¼·ñ,¶¹°ê,¶¹°ê,segmentfault,SegmentFault Ë¼·ñ,¶¹°ê,¶¹°ê,Y
segmentfault,SegmentFault Ë¼·ñ,¶¹°ê,¶¹°ê,segmentfault,SegmentFault Ë¼·ñ,¶¹°ê,¶¹°ê,Y
segmentfault,SegmentFault Ë¼·ñ,¶¹°ê,¶¹°ê,segmentfault,SegmentFault Ë¼·ñ,¶¹°ê,¶¹°ê,Y
segmentfault,SegmentFault Ë¼·ñ,¶¹°ê,¶¹°ê,segmentfault,SegmentFault Ë¼·ñ,¶¹°ê,¶¹°ê,Y
segmentfault,SegmentFault Ë¼·ñ,¶¹°ê,¶¹°ê,segmentfault,SegmentFault Ë¼·ñ,¶¹°ê,¶¹°ê,Y
segmentfault,SegmentFault Ë¼·ñ,¶¹°ê,¶¹°ê,segmentfault,SegmentFault Ë¼·ñ,¶¹°ê,¶¹°ê,Y
segmentfault,SegmentFault Ë¼·ñ,¶¹°ê,¶¹°ê,segmentfault,SegmentFault Ë¼·ñ,¶¹°ê,¶¹°ê,Y
segmentfault,SegmentFault Ë¼·ñ,¶¹°ê,¶¹°ê,segmentfault,SegmentFault Ë¼·ñ,¶¹°ê,¶¹°ê,Y
segmentfault,SegmentFault Ë¼·ñ,¶¹°ê,¶¹°ê,segmentfault,SegmentFault Ë¼·ñ,¶¹°ê,¶¹°ê,Y
segmentfault,SegmentFault Ë¼·ñ,¶¹°ê,¶¹°ê,segmentfault,SegmentFault Ë¼·ñ,¶¹°ê,¶¹°ê,Y
segmentfault,SegmentFault Ë¼·ñ,¶¹°ê,¶¹°ê,segmentfault,SegmentFault Ë¼·ñ,¶¹°ê,¶¹°ê,Y
segmentfault,SegmentFault Ë¼·ñ,¶¹°ê,¶¹°ê,segmentfault,SegmentFault Ë¼·ñ,¶¹°ê,¶¹°ê,Y
segmentfault,SegmentFault Ë¼·ñ,¶¹°ê,¶¹°ê,segmentfault,SegmentFault Ë¼·ñ,¶¹°ê,¶¹°ê,Y
segmentfault,SegmentFault Ë¼·ñ,¶¹°ê,¶¹°ê,segmentfault,SegmentFault Ë¼·ñ,¶¹°ê,¶¹°ê,Y
segmentfault,SegmentFault Ë¼·ñ,¶¹°ê,¶¹°ê,segmentfault,SegmentFault Ë¼·ñ,¶¹°ê,¶¹°ê,Y
segmentfault,SegmentFault Ë¼·ñ,¶¹°ê,¶¹°ê,segmentfault,SegmentFault Ë¼·ñ,¶¹°ê,¶¹°ê,Y
segmentfault,SegmentFault Ë¼·ñ,¶¹°ê,¶¹°ê,segmentfault,SegmentFault Ë¼·ñ,¶¹°ê,¶¹°ê,Y
segmentfault,SegmentFault Ë¼·ñ,¶¹°ê,¶¹°ê,segmentfault,SegmentFault Ë¼·ñ,¶¹°ê,¶¹°ê,Y
segmentfault,SegmentFault Ë¼·ñ,¶¹°ê,¶¹°ê,segmentfault,SegmentFault Ë¼·ñ,¶¹°ê,¶¹°ê,Y
segmentfault,SegmentFault Ë¼·ñ,¶¹°ê,¶¹°ê,segmentfault,SegmentFault Ë¼·ñ,¶¹°ê,¶¹°ê,Y
segmentfault,SegmentFault Ë¼·ñ,¶¹°ê,¶¹°ê,segmentfault,SegmentFault Ë¼·ñ,¶¹°ê,¶¹°ê,Y
segmentfault,SegmentFault Ë¼·ñ,¶¹°ê,¶¹°ê,segmentfault,SegmentFault Ë¼·ñ,¶¹°ê,¶¹°ê,Y
segmentfault,SegmentFault Ë¼·ñ,¶¹°ê,¶¹°ê,segmentfault,SegmentFault Ë¼·ñ,¶¹°ê,¶¹°ê,Y
segmentfault,SegmentFault Ë¼·ñ,¶¹°ê,¶¹°ê,segmentfault,SegmentFault Ë¼·ñ,¶¹°ê,¶¹°ê,Y
segmentfault,SegmentFault Ë¼·ñ,¶¹°ê,¶¹°ê,segmentfault,SegmentFault Ë¼·ñ,¶¹°ê,¶¹°ê,Y
segmentfault,SegmentFault Ë¼·ñ,¶¹°ê,¶¹°ê,segmentfault,SegmentFault Ë¼·ñ,¶¹°ê,¶¹°ê,Y
segmentfault,SegmentFault Ë¼·ñ,¶¹°ê,¶¹°ê,segmentfault,SegmentFault Ë¼·ñ,¶¹°ê,¶¹°ê,Y
segmentfault,SegmentFault Ë¼·ñ,¶¹°ê,¶¹°ê,segmentfault,SegmentFault Ë¼·ñ,¶¹°ê,¶¹°ê,
segmentfault,SegmentFault Ë¼·ñ,¶¹°ê,¶¹°ê,segmentfault,SegmentFault Ë¼·ñ,¶¹°ê,¶¹°ê,
segmentfault,SegmentFault Ë¼·ñ,¶¹°ê,¶¹°ê,segmentfault,SegmentFault Ë¼·ñ,¶¹°ê,¶¹°ê,
segmentfault,SegmentFault Ë¼·ñ,¶¹°ê,¶¹°ê,segmentfault,SegmentFault Ë¼·ñ,¶¹°ê,¶¹°ê,
segmentfault,SegmentFault Ë¼·ñ,¶¹°ê,¶¹°ê,segmentfault,SegmentFault Ë¼·ñ,¶¹°ê,¶¹°ê,
segmentfault,SegmentFault Ë¼·ñ,¶¹°ê,¶¹°ê,segmentfault,SegmentFault Ë¼·ñ,¶¹°ê,¶¹°ê,
segmentfault,SegmentFault Ë¼·ñ,¶¹°ê,¶¹°ê,segmentfault,SegmentFault Ë¼·ñ,¶¹°ê,¶¹°ê,
segmentfault,SegmentFault Ë¼·ñ,¶¹°ê,¶¹°ê,segmentfault,SegmentFault Ë¼·ñ,¶¹°ê,¶¹°ê,
segmentfault,SegmentFault Ë¼·ñ,¶¹°ê,¶¹°ê,segmentfault,SegmentFault Ë¼·ñ,¶¹°ê,¶¹°ê,
segmentfault,SegmentFault Ë¼·ñ,¶¹°ê,¶¹°ê,segmentfault,SegmentFault Ë¼·ñ,¶¹°ê,¶¹°ê,
segmentfault,SegmentFault Ë¼·ñ,¶¹°ê,¶¹°ê,segmentfault,SegmentFault Ë¼·ñ,¶¹°ê,¶¹°ê,
segmentfault,SegmentFault Ë¼·ñ,¶¹°ê,¶¹°ê,segmentfault,SegmentFault Ë¼·ñ,¶¹°ê,¶¹°ê,
segmentfault,SegmentFault Ë¼·ñ,¶¹°ê,¶¹°ê,segmentfault,SegmentFault Ë¼·ñ,¶¹°ê,¶¹°ê,
segmentfault,SegmentFault Ë¼·ñ,¶¹°ê,¶¹°ê,segmentfault,SegmentFault Ë¼·ñ,¶¹°ê,¶¹°ê,
segmentfault,SegmentFault Ë¼·ñ,¶¹°ê,¶¹°ê,segmentfault,SegmentFault Ë¼·ñ,¶¹°ê,¶¹°ê,
segmentfault,SegmentFault Ë¼·ñ,¶¹°ê,¶¹°ê,segmentfault,SegmentFault Ë¼·ñ,¶¹°ê,¶¹°ê,
segmentfault,SegmentFault Ë¼·ñ,¶¹°ê,¶¹°ê,segmentfault,SegmentFault Ë¼·ñ,¶¹°ê,¶¹°ê,
segmentfault,SegmentFault Ë¼·ñ,¶¹°ê,¶¹°ê,segmentfault,SegmentFault Ë¼·ñ,¶¹°ê,¶¹°ê,
segmentfault,SegmentFault Ë¼·ñ,¶¹°ê,¶¹°ê,segmentfault,SegmentFault Ë¼·ñ,¶¹°ê,¶¹°ê,
segmentfault,SegmentFault Ë¼·ñ,¶¹°ê,¶¹°ê,segmentfault,SegmentFault Ë¼·ñ,¶¹°ê,¶¹°ê,
segmentfault,SegmentFault Ë¼·ñ,¶¹°ê,¶¹°ê,segmentfault,SegmentFault Ë¼·ñ,¶¹°ê,¶¹°ê,
segmentfault,SegmentFault Ë¼·ñ,¶¹°ê,¶¹°ê,segmentfault,SegmentFault Ë¼·ñ,¶¹°ê,¶¹°ê,
segmentfault,SegmentFault Ë¼·ñ,¶¹°ê,¶¹°ê,segmentfault,SegmentFault Ë¼·ñ,¶¹°ê,¶¹°ê,
segmentfault,SegmentFault Ë¼·ñ,¶¹°ê,¶¹°ê,segmentfault,SegmentFault Ë¼·ñ,¶¹°ê,¶¹°ê,
segmentfault,SegmentFault Ë¼·ñ,¶¹°ê,¶¹°ê,segmentfault,SegmentFault Ë¼·ñ,¶¹°ê,¶¹°ê,
segmentfault,SegmentFault Ë¼·ñ,¶¹°ê,¶¹°ê,segmentfault,SegmentFault Ë¼·ñ,¶¹°ê,¶¹°ê,
segmentfault,SegmentFault Ë¼·ñ,¶¹°ê,¶¹°ê,segmentfault,SegmentFault Ë¼·ñ,¶¹°ê,¶¹°ê,
segmentfault,SegmentFault Ë¼·ñ,¶¹°ê,¶¹°ê,segmentfault,SegmentFault Ë¼·ñ,¶¹°ê,¶¹°ê,
segmentfault,SegmentFault Ë¼·ñ,¶¹°ê,¶¹°ê,segmentfault,SegmentFault Ë¼·ñ,¶¹°ê,¶¹°ê,
segmentfault,SegmentFault Ë¼·ñ,¶¹°ê,¶¹°ê,segmentfault,SegmentFault Ë¼·ñ,¶¹°ê,¶¹°ê,
segmentfault,SegmentFault Ë¼·ñ,¶¹°ê,¶¹°ê,segmentfault,SegmentFault Ë¼·ñ,¶¹°ê,¶¹°ê,
segmentfault,SegmentFault Ë¼·ñ,¶¹°ê,¶¹°ê,segmentfault,SegmentFault Ë¼·ñ,¶¹°ê,¶¹°ê,
segmentfault,SegmentFault Ë¼·ñ,¶¹°ê,¶¹°ê,segmentfault,SegmentFault Ë¼·ñ,¶¹°ê,¶¹°ê,
segmentfault,SegmentFault Ë¼·ñ,¶¹°ê,¶¹°ê,segmentfault,SegmentFault Ë¼·ñ,¶¹°ê,¶¹°ê,
segmentfault,SegmentFault Ë¼·ñ,¶¹°ê,¶¹°ê,segmentfault,SegmentFault Ë¼·ñ,¶¹°ê,¶¹°ê,
segmentfault,SegmentFault Ë¼·ñ,¶¹°ê,¶¹°ê,segmentfault,SegmentFault Ë¼·ñ,¶¹°ê,¶¹°ê,
segmentfault,SegmentFault Ë¼·ñ,¶¹°ê,¶¹°ê,segmentfault,SegmentFault Ë¼·ñ,¶¹°ê,¶¹°ê,
segmentfault,SegmentFault Ë¼·ñ,¶¹°ê,¶¹°ê,segmentfault,SegmentFault Ë¼·ñ,¶¹°ê,¶¹°ê,
segmentfault,SegmentFault Ë¼·ñ,¶¹°ê,¶¹°ê,segmentfault,SegmentFault Ë¼·ñ,¶¹°ê,¶¹°ê,
segmentfault,SegmentFault Ë¼·ñ,¶¹°ê,¶¹°ê,segmentfault,SegmentFault Ë¼·ñ,¶¹°ê,¶¹°ê,
segmentfault,SegmentFault Ë¼·ñ,¶¹°ê,¶¹°ê,segmentfault,SegmentFault Ë¼·ñ,¶¹°ê,¶¹°ê,
segmentfault,SegmentFault Ë¼·ñ,¶¹°ê,¶¹°ê,segmentfault,SegmentFault Ë¼·ñ,¶¹°ê,¶¹°ê,
segmentfault,SegmentFault Ë¼·ñ,¶¹°ê,¶¹°ê,segmentfault,SegmentFault Ë¼·ñ,¶¹°ê,¶¹°ê,
segmentfault,SegmentFault Ë¼·ñ,¶¹°ê,¶¹°ê,segmentfault,SegmentFault Ë¼·ñ,¶¹°ê,¶¹°ê,
segmentfault,SegmentFault Ë¼·ñ,¶¹°ê,¶¹°ê,segmentfault,SegmentFault Ë¼·ñ,¶¹°ê,¶¹°ê,
segmentfault,SegmentFault Ë¼·ñ,¶¹°ê,¶¹°ê,segmentfault,SegmentFault Ë¼·ñ,¶¹°ê,¶¹°ê,
segmentfault,SegmentFault Ë¼·ñ,¶¹°ê,¶¹°ê,segmentfault,SegmentFault Ë¼·ñ,¶¹°ê,¶¹°ê,
segmentfault,SegmentFault Ë¼·ñ,¶¹°ê,¶¹°ê,segmentfault,SegmentFault Ë¼·ñ,¶¹°ê,¶¹°ê,
segmentfault,SegmentFault Ë¼·ñ,¶¹°ê,¶¹°ê,segmentfault,SegmentFault Ë¼·ñ,¶¹°ê,¶¹°ê,
segmentfault,SegmentFault Ë¼·ñ,¶¹°ê,¶¹°ê,segmentfault,SegmentFault Ë¼·ñ,¶¹°ê,¶¹°ê,
segmentfault,SegmentFault Ë¼·ñ,¶¹°ê,¶¹°ê,segmentfault,SegmentFault Ë¼·ñ,¶¹°ê,¶¹°ê,
segmentfault,SegmentFault Ë¼·ñ,¶¹°ê,¶¹°ê,segmentfault,SegmentFault Ë¼·ñ,¶¹°ê,¶¹°ê,
segmentfault,SegmentFault Ë¼·ñ,¶¹°ê,¶¹°ê,segmentfault,SegmentFault Ë¼·ñ,¶¹°ê,¶¹°ê,
segmentfault,SegmentFault Ë¼·ñ,¶¹°ê,¶¹°ê,segmentfault,SegmentFault Ë¼·ñ,¶¹°ê,¶¹°ê,
segmentfault,SegmentFault Ë¼·ñ,¶¹°ê,¶¹°ê,segmentfault,SegmentFault Ë¼·ñ,¶¹°ê,¶¹°ê,
segmentfault,SegmentFault Ë¼·ñ,¶¹°ê,¶¹°ê,segmentfault,SegmentFault Ë¼·ñ,¶¹°ê,¶¹°ê,
segmentfault,SegmentFault Ë¼·ñ,¶¹°ê,¶¹°ê,segmentfault,SegmentFault Ë¼·ñ,¶¹°ê,¶¹°ê,
segmentfault,SegmentFault Ë¼·ñ,¶¹°ê,¶¹°ê,segmentfault,SegmentFault Ë¼·ñ,¶¹°ê,¶¹°ê,
segmentfault,SegmentFault Ë¼·ñ,¶¹°ê,¶¹°ê,segmentfault,SegmentFault Ë¼·ñ,¶¹°ê,¶¹°ê,
segmentfault,SegmentFault Ë¼·ñ,¶¹°ê,¶¹°ê,segmentfault,SegmentFault Ë¼·ñ,¶¹°ê,¶¹°ê,
segmentfault,SegmentFault Ë¼·ñ,¶¹°ê,¶¹°ê,segmentfault,SegmentFault Ë¼·ñ,¶¹°ê,¶¹°ê,
segmentfault,SegmentFault Ë¼·ñ,¶¹°ê,¶¹°ê,segmentfault,SegmentFault Ë¼·ñ,¶¹°ê,¶¹°ê,
segmentfault,SegmentFault Ë¼·ñ,¶¹°ê,¶¹°ê,segmentfault,SegmentFault Ë¼·ñ,¶¹°ê,¶¹°ê,
segmentfault,SegmentFault Ë¼·ñ,¶¹°ê,¶¹°ê,segmentfault,SegmentFault Ë¼·ñ,¶¹°ê,¶¹°ê,
segmentfault,SegmentFault Ë¼·ñ,¶¹°ê,¶¹°ê,segmentfault,SegmentFault Ë¼·ñ,¶¹°ê,¶¹°ê,
segmentfault,SegmentFault Ë¼·ñ,¶¹°ê,¶¹°ê,segmentfault,SegmentFault Ë¼·ñ,¶¹°ê,¶¹°ê,
segmentfault,SegmentFault Ë¼·ñ,¶¹°ê,¶¹°ê,segmentfault,SegmentFault Ë¼·ñ,¶¹°ê,¶¹°ê,
segmentfault,SegmentFault Ë¼·ñ,¶¹°ê,¶¹°ê,segmentfault,SegmentFault Ë¼·ñ,¶¹°ê,¶¹°ê,
segmentfault,SegmentFault Ë¼·ñ,¶¹°ê,¶¹°ê,segmentfault,SegmentFault Ë¼·ñ,¶¹°ê,¶¹°ê,
segmentfault,SegmentFault Ë¼·ñ,¶¹°ê,¶¹°ê,segmentfault,SegmentFault Ë¼·ñ,¶¹°ê,¶¹°ê,
segmentfault,SegmentFault Ë¼·ñ,¶¹°ê,¶¹°ê,segmentfault,SegmentFault Ë¼·ñ,¶¹°ê,¶¹°ê,
segmentfault,SegmentFault Ë¼·ñ,¶¹°ê,¶¹°ê,segmentfault,SegmentFault Ë¼·ñ,¶¹°ê,¶¹°ê,
segmentfault,SegmentFault Ë¼·ñ,¶¹°ê,¶¹°ê,segmentfault,SegmentFault Ë¼·ñ,¶¹°ê,¶¹°ê,
segmentfault,SegmentFault Ë¼·ñ,¶¹°ê,¶¹°ê,segmentfault,SegmentFault Ë¼·ñ,¶¹°ê,¶¹°ê,
segmentfault,SegmentFault Ë¼·ñ,¶¹°ê,¶¹°ê,segmentfault,SegmentFault Ë¼·ñ,¶¹°ê,¶¹°ê,
segmentfault,SegmentFault Ë¼·ñ,¶¹°ê,¶¹°ê,segmentfault,SegmentFault Ë¼·ñ,¶¹°ê,¶¹°ê,
segmentfault,SegmentFault Ë¼·ñ,¶¹°ê,¶¹°ê,segmentfault,SegmentFault Ë¼·ñ,¶¹°ê,¶¹°ê,
segmentfault,SegmentFault Ë¼·ñ,¶¹°ê,¶¹°ê,segmentfault,SegmentFault Ë¼·ñ,¶¹°ê,¶¹°ê,
segmentfault,SegmentFault Ë¼·ñ,¶¹°ê,¶¹°ê,segmentfault,SegmentFault Ë¼·ñ,¶¹°ê,¶¹°ê,
segmentfault,SegmentFault Ë¼·ñ,¶¹°ê,¶¹°ê,segmentfault,SegmentFault Ë¼·ñ,¶¹°ê,¶¹°ê,
segmentfault,SegmentFault Ë¼·ñ,¶¹°ê,¶¹°ê,segmentfault,SegmentFault Ë¼·ñ,¶¹°ê,¶¹°ê,
segmentfault,SegmentFault Ë¼·ñ,¶¹°ê,¶¹°ê,segmentfault,SegmentFault Ë¼·ñ,¶¹°ê,¶¹°ê,
segmentfault,SegmentFault Ë¼·ñ,¶¹°ê,¶¹°ê,segmentfault,SegmentFault Ë¼·ñ,¶¹°ê,¶¹°ê,
segmentfault,SegmentFault Ë¼·ñ,¶¹°ê,¶¹°ê,segmentfault,SegmentFault Ë¼·ñ,¶¹°ê,¶¹°ê,
segmentfault,SegmentFault Ë¼·ñ,¶¹°ê,¶¹°ê,segmentfault,SegmentFault Ë¼·ñ,¶¹°ê,¶¹°ê,
segmentfault,SegmentFault Ë¼·ñ,¶¹°ê,¶¹°ê,segmentfault,SegmentFault Ë¼·ñ,¶¹°ê,¶¹°ê,
segmentfault,SegmentFault Ë¼·ñ,¶¹°ê,¶¹°ê,segmentfault,SegmentFault Ë¼·ñ,¶¹°ê,¶¹°ê,
segmentfault,SegmentFault Ë¼·ñ,¶¹°ê,¶¹°ê,segmentfault,SegmentFault Ë¼·ñ,¶¹°ê,¶¹°ê,
segmentfault,SegmentFault Ë¼·ñ,¶¹°ê,¶¹°ê,segmentfault,SegmentFault Ë¼·ñ,¶¹°ê,¶¹°ê,
segmentfault,SegmentFault Ë¼·ñ,¶¹°ê,¶¹°ê,segmentfault,SegmentFault Ë¼·ñ,¶¹°ê,¶¹°ê,
segmentfault,SegmentFault Ë¼·ñ,¶¹°ê,¶¹°ê,segmentfault,SegmentFault Ë¼·ñ,¶¹°ê,¶¹°ê,
segmentfault,SegmentFault Ë¼·ñ,¶¹°ê,¶¹°ê,segmentfault,SegmentFault Ë¼·ñ,¶¹°ê,¶¹°ê,
segmentfault,SegmentFault Ë¼·ñ,¶¹°ê,¶¹°ê,segmentfault,SegmentFault Ë¼·ñ,¶¹°ê,¶¹°ê,
segmentfault,SegmentFault Ë¼·ñ,¶¹°ê,¶¹°ê,segmentfault,SegmentFault Ë¼·ñ,¶¹°ê,¶¹°ê,
segmentfault,SegmentFault Ë¼·ñ,¶¹°ê,¶¹°ê,segmentfault,SegmentFault Ë¼·ñ,¶¹°ê,¶¹°ê,
segmentfault,SegmentFault Ë¼·ñ,¶¹°ê,¶¹°ê,segmentfault,SegmentFault Ë¼·ñ,¶¹°ê,¶¹°ê,
segmentfault,SegmentFault Ë¼·ñ,¶¹°ê,¶¹°ê,segmentfault,SegmentFault Ë¼·ñ,¶¹°ê,¶¹°ê,
segmentfault,SegmentFault Ë¼·ñ,¶¹°ê,¶¹°ê,segmentfault,SegmentFault Ë¼·ñ,¶¹°ê,¶¹°ê,
segmentfault,SegmentFault Ë¼·ñ,¶¹°ê,¶¹°ê,segmentfault,SegmentFault Ë¼·ñ,¶¹°ê,¶¹°ê,
segmentfault,SegmentFault Ë¼·ñ,¶¹°ê,¶¹°ê,segmentfault,SegmentFault Ë¼·ñ,¶¹°ê,¶¹°ê,
segmentfault,SegmentFault Ë¼·ñ,¶¹°ê,¶¹°ê,segmentfault,SegmentFault Ë¼·ñ,¶¹°ê,¶¹°ê,
segmentfault,SegmentFault Ë¼·ñ,¶¹°ê,¶¹°ê,segmentfault,SegmentFault Ë¼·ñ,¶¹°ê,¶¹°ê,
segmentfault,SegmentFault Ë¼·ñ,¶¹°ê,¶¹°ê,segmentfault,SegmentFault Ë¼·ñ,¶¹°ê,¶¹°ê,
segmentfault,SegmentFault Ë¼·ñ,¶¹°ê,¶¹°ê,segmentfault,SegmentFault Ë¼·ñ,¶¹°ê,¶¹°ê,
segmentfault,SegmentFault Ë¼·ñ,¶¹°ê,¶¹°ê,segmentfault,SegmentFault Ë¼·ñ,¶¹°ê,¶¹°ê,
segmentfault,SegmentFault Ë¼·ñ,¶¹°ê,¶¹°ê,segmentfault,SegmentFault Ë¼·ñ,¶¹°ê,¶¹°ê,
segmentfault,SegmentFault Ë¼·ñ,¶¹°ê,¶¹°ê,segmentfault,SegmentFault Ë¼·ñ,¶¹°ê,¶¹°ê,
segmentfault,SegmentFault Ë¼·ñ,¶¹°ê,¶¹°ê,segmentfault,SegmentFault Ë¼·ñ,¶¹°ê,¶¹°ê,
segmentfault,SegmentFault Ë¼·ñ,¶¹°ê,¶¹°ê,segmentfault,SegmentFault Ë¼·ñ,¶¹°ê,¶¹°ê,
segmentfault,SegmentFault Ë¼·ñ,¶¹°ê,¶¹°ê,segmentfault,SegmentFault Ë¼·ñ,¶¹°ê,¶¹°ê,
segmentfault,SegmentFault Ë¼·ñ,¶¹°ê,¶¹°ê,segmentfault,SegmentFault Ë¼·ñ,¶¹°ê,¶¹°ê,
segmentfault,SegmentFault Ë¼·ñ,¶¹°ê,¶¹°ê,segmentfault,SegmentFault Ë¼·ñ,¶¹°ê,¶¹°ê,
segmentfault,SegmentFault Ë¼·ñ,¶¹°ê,¶¹°ê,segmentfault,SegmentFault Ë¼·ñ,¶¹°ê,¶¹°ê,
segmentfault,SegmentFault Ë¼·ñ,¶¹°ê,¶¹°ê,segmentfault,SegmentFault Ë¼·ñ,¶¹°ê,¶¹°ê,
segmentfault,SegmentFault Ë¼·ñ,¶¹°ê,¶¹°ê,segmentfault,SegmentFault Ë¼·ñ,¶¹°ê,¶¹°ê,
segmentfault,SegmentFault Ë¼·ñ,¶¹°ê,¶¹°ê,segmentfault,SegmentFault Ë¼·ñ,¶¹°ê,¶¹°ê,
segmentfault,SegmentFault Ë¼·ñ,¶¹°ê,¶¹°ê,segmentfault,SegmentFault Ë¼·ñ,¶¹°ê,¶¹°ê,
segmentfault,SegmentFault Ë¼·ñ,¶¹°ê,¶¹°ê,segmentfault,SegmentFault Ë¼·ñ,¶¹°ê,¶¹°ê,
segmentfault,SegmentFault Ë¼·ñ,¶¹°ê,¶¹°ê,segmentfault,SegmentFault Ë¼·ñ,¶¹°ê,¶¹°ê,
segmentfault,SegmentFault Ë¼·ñ,¶¹°ê,¶¹°ê,segmentfault,SegmentFault Ë¼·ñ,¶¹°ê,¶¹°ê,
segmentfault,SegmentFault Ë¼·ñ,¶¹°ê,¶¹°ê,segmentfault,SegmentFault Ë¼·ñ,¶¹°ê,¶¹°ê,
segmentfault,SegmentFault Ë¼·ñ,¶¹°ê,¶¹°ê,segmentfault,SegmentFault Ë¼·ñ,¶¹°ê,¶¹°ê,
segmentfault,SegmentFault Ë¼·ñ,¶¹°ê,¶¹°ê,segmentfault,SegmentFault Ë¼·ñ,¶¹°ê,¶¹°ê,
segmentfault,SegmentFault Ë¼·ñ,¶¹°ê,¶¹°ê,segmentfault,SegmentFault Ë¼·ñ,¶¹°ê,¶¹°ê,
segmentfault,SegmentFault Ë¼·ñ,¶¹°ê,¶¹°ê,segmentfault,SegmentFault Ë¼·ñ,¶¹°ê,¶¹°ê,
segmentfault,SegmentFault Ë¼·ñ,¶¹°ê,¶¹°ê,segmentfault,SegmentFault Ë¼·ñ,¶¹°ê,¶¹°ê,
segmentfault,SegmentFault Ë¼·ñ,¶¹°ê,¶¹°ê,segmentfault,SegmentFault Ë¼·ñ,¶¹°ê,¶¹°ê,
segmentfault,SegmentFault Ë¼·ñ,¶¹°ê,¶¹°ê,segmentfault,SegmentFault Ë¼·ñ,¶¹°ê,¶¹°ê,
segmentfault,SegmentFault Ë¼·ñ,¶¹°ê,¶¹°ê,segmentfault,SegmentFault Ë¼·ñ,¶¹°ê,¶¹°ê,
segmentfault,SegmentFault Ë¼·ñ,¶¹°ê,¶¹°ê,segmentfault,SegmentFault Ë¼·ñ,¶¹°ê,¶¹°ê,
segmentfault,SegmentFault Ë¼·ñ,¶¹°ê,¶¹°ê,segmentfault,SegmentFault Ë¼·ñ,¶¹°ê,¶¹°ê,
segmentfault,SegmentFault Ë¼·ñ,¶¹°ê,¶¹°ê,segmentfault,SegmentFault Ë¼·ñ,¶¹°ê,¶¹°ê,
segmentfault,SegmentFault Ë¼·ñ,¶¹°ê,¶¹°ê,segmentfault,SegmentFault Ë¼·ñ,¶¹°ê,¶¹°ê,
segmentfault,SegmentFault Ë¼·ñ,¶¹°ê,¶¹°ê,segmentfault,SegmentFault Ë¼·ñ,¶¹°ê,¶¹°ê,
segmentfault,SegmentFault Ë¼·ñ,¶¹°ê,¶¹°ê,segmentfault,SegmentFault Ë¼·ñ,¶¹°ê,¶¹°ê,
segmentfault,SegmentFault Ë¼·ñ,¶¹°ê,¶¹°ê,segmentfault,SegmentFault Ë¼·ñ,¶¹°ê,¶¹°ê,
segmentfault,SegmentFault Ë¼·ñ,¶¹°ê,¶¹°ê,segmentfault,SegmentFault Ë¼·ñ,¶¹°ê,¶¹°ê,
segmentfault,SegmentFault Ë¼·ñ,¶¹°ê,¶¹°ê,segmentfault,SegmentFault Ë¼·ñ,¶¹°ê,¶¹°ê,
segmentfault,SegmentFault Ë¼·ñ,¶¹°ê,¶¹°ê,segmentfault,SegmentFault Ë¼·ñ,¶¹°ê,¶¹°ê,
segmentfault,SegmentFault Ë¼·ñ,¶¹°ê,¶¹°ê,segmentfault,SegmentFault Ë¼·ñ,¶¹°ê,¶¹°ê,
segmentfault,SegmentFault Ë¼·ñ,¶¹°ê,¶¹°ê,segmentfault,SegmentFault Ë¼·ñ,¶¹°ê,¶¹°ê,
segmentfault,SegmentFault Ë¼·ñ,¶¹°ê,¶¹°ê,segmentfault,SegmentFault Ë¼·ñ,¶¹°ê,¶¹°ê,
segmentfault,SegmentFault Ë¼·ñ,¶¹°ê,¶¹°ê,segmentfault,SegmentFault Ë¼·ñ,¶¹°ê,¶¹°ê,
segmentfault,SegmentFault Ë¼·ñ,¶¹°ê,¶¹°ê,segmentfault,SegmentFault Ë¼·ñ,¶¹°ê,¶¹°ê,
segmentfault,SegmentFault Ë¼·ñ,¶¹°ê,¶¹°ê,segmentfault,SegmentFault Ë¼·ñ,¶¹°ê,¶¹°ê,
segmentfault,SegmentFault Ë¼·ñ,¶¹°ê,¶¹°ê,segmentfault,SegmentFault Ë¼·ñ,¶¹°ê,¶¹°ê,
segmentfault,SegmentFault Ë¼·ñ,¶¹°ê,¶¹°ê,segmentfault,SegmentFault Ë¼·ñ,¶¹°ê,¶¹°ê,
segmentfault,SegmentFault Ë¼·ñ,¶¹°ê,¶¹°ê,segmentfault,SegmentFault Ë¼·ñ,¶¹°ê,¶¹°ê,
segmentfault,SegmentFault Ë¼·ñ,¶¹°ê,¶¹°ê,segmentfault,SegmentFault Ë¼·ñ,¶¹°ê,¶¹°ê,
segmentfault,SegmentFault Ë¼·ñ,¶¹°ê,¶¹°ê,segmentfault,SegmentFault Ë¼·ñ,¶¹°ê,¶¹°ê,
segmentfault,SegmentFault Ë¼·ñ,¶¹°ê,¶¹°ê,segmentfault,SegmentFault Ë¼·ñ,¶¹°ê,¶¹°ê,
segmentfault,SegmentFault Ë¼·ñ,¶¹°ê,¶¹°ê,segmentfault,SegmentFault Ë¼·ñ,¶¹°ê,¶¹°ê,
segmentfault,SegmentFault Ë¼·ñ,¶¹°ê,¶¹°ê,segmentfault,SegmentFault Ë¼·ñ,¶¹°ê,¶¹°ê,
segmentfault,SegmentFault Ë¼·ñ,¶¹°ê,¶¹°ê,segmentfault,SegmentFault Ë¼·ñ,¶¹°ê,¶¹°ê,
segmentfault,SegmentFault Ë¼·ñ,¶¹°ê,¶¹°ê,segmentfault,SegmentFault Ë¼·ñ,¶¹°ê,¶¹°ê,
segmentfault,SegmentFault Ë¼·ñ,¶¹°ê,¶¹°ê,segmentfault,SegmentFault Ë¼·ñ,¶¹°ê,¶¹°ê,
segmentfault,SegmentFault Ë¼·ñ,¶¹°ê,¶¹°ê,segmentfault,SegmentFault Ë¼·ñ,¶¹°ê,¶¹°ê,
segmentfault,SegmentFault Ë¼·ñ,¶¹°ê,¶¹°ê,segmentfault,SegmentFault Ë¼·ñ,¶¹°ê,¶¹°ê,
segmentfault,SegmentFault Ë¼·ñ,¶¹°ê,¶¹°ê,segmentfault,SegmentFault Ë¼·ñ,¶¹°ê,¶¹°ê,
segmentfault,SegmentFault Ë¼·ñ,¶¹°ê,¶¹°ê,segmentfault,SegmentFault Ë¼·ñ,¶¹°ê,¶¹°ê,
segmentfault,SegmentFault Ë¼·ñ,¶¹°ê,¶¹°ê,segmentfault,SegmentFault Ë¼·ñ,¶¹°ê,¶¹°ê,
segmentfault,SegmentFault Ë¼·ñ,¶¹°ê,¶¹°ê,segmentfault,SegmentFault Ë¼·ñ,¶¹°ê,¶¹°ê,
segmentfault,SegmentFault Ë¼·ñ,¶¹°ê,¶¹°ê,segmentfault,SegmentFault Ë¼·ñ,¶¹°ê,¶¹°ê,
segmentfault,SegmentFault Ë¼·ñ,¶¹°ê,¶¹°ê,segmentfault,SegmentFault Ë¼·ñ,¶¹°ê,¶¹°ê,
segmentfault,SegmentFault Ë¼·ñ,¶¹°ê,¶¹°ê,segmentfault,SegmentFault Ë¼·ñ,¶¹°ê,¶¹°ê,
segmentfault,SegmentFault Ë¼·ñ,¶¹°ê,¶¹°ê,segmentfault,SegmentFault Ë¼·ñ,¶¹°ê,¶¹°ê,
segmentfault,SegmentFault Ë¼·ñ,¶¹°ê,¶¹°ê,segmentfault,SegmentFault Ë¼·ñ,¶¹°ê,¶¹°ê,
segmentfault,SegmentFault Ë¼·ñ,¶¹°ê,¶¹°ê,segmentfault,SegmentFault Ë¼·ñ,¶¹°ê,¶¹°ê,
segmentfault,SegmentFault Ë¼·ñ,¶¹°ê,¶¹°ê,segmentfault,SegmentFault Ë¼·ñ,¶¹°ê,¶¹°ê,
segmentfault,SegmentFault Ë¼·ñ,¶¹°ê,¶¹°ê,segmentfault,SegmentFault Ë¼·ñ,¶¹°ê,¶¹°ê,
segmentfault,SegmentFault Ë¼·ñ,¶¹°ê,¶¹°ê,segmentfault,SegmentFault Ë¼·ñ,¶¹°ê,¶¹°ê,
segmentfault,SegmentFault Ë¼·ñ,¶¹°ê,¶¹°ê,segmentfault,SegmentFault Ë¼·ñ,¶¹°ê,¶¹°ê,
segmentfault,SegmentFault Ë¼·ñ,¶¹°ê,¶¹°ê,segmentfault,SegmentFault Ë¼·ñ,¶¹°ê,¶¹°ê,
segmentfault,SegmentFault Ë¼·ñ,¶¹°ê,¶¹°ê,segmentfault,SegmentFault Ë¼·ñ,¶¹°ê,¶¹°ê,
segmentfault,SegmentFault Ë¼·ñ,¶¹°ê,¶¹°ê,segmentfault,SegmentFault Ë¼·ñ,¶¹°ê,¶¹°ê,
segmentfault,SegmentFault Ë¼·ñ,¶¹°ê,¶¹°ê,segmentfault,SegmentFault Ë¼·ñ,¶¹°ê,¶¹°ê,
segmentfault,SegmentFault Ë¼·ñ,¶¹°ê,¶¹°ê,segmentfault,SegmentFault Ë¼·ñ,¶¹°ê,¶¹°ê,
segmentfault,SegmentFault Ë¼·ñ,¶¹°ê,¶¹°ê,segmentfault,SegmentFault Ë¼·ñ,¶¹°ê,¶¹°ê,
segmentfault,SegmentFault Ë¼·ñ,¶¹°ê,¶¹°ê,segmentfault,SegmentFault Ë¼·ñ,¶¹°ê,¶¹°ê,
segmentfault,SegmentFault Ë¼·ñ,¶¹°ê,¶¹°ê,segmentfault,SegmentFault Ë¼·ñ,¶¹°ê,¶¹°ê,
segmentfault,SegmentFault Ë¼·ñ,¶¹°ê,¶¹°ê,segmentfault,SegmentFault Ë¼·ñ,¶¹°ê,¶¹°ê,
segmentfault,SegmentFault Ë¼·ñ,¶¹°ê,¶¹°ê,segmentfault,SegmentFault Ë¼·ñ,¶¹°ê,¶¹°ê,
segmentfault,SegmentFault Ë¼·ñ,¶¹°ê,¶¹°ê,segmentfault,SegmentFault Ë¼·ñ,¶¹°ê,¶¹°ê,
segmentfault,SegmentFault Ë¼·ñ,¶¹°ê,¶¹°ê,segmentfault,SegmentFault Ë¼·ñ,¶¹°ê,¶¹°ê,
segmentfault,SegmentFault Ë¼·ñ,¶¹°ê,¶¹°ê,segmentfault,SegmentFault Ë¼·ñ,¶¹°ê,¶¹°ê,
segmentfault,SegmentFault Ë¼·ñ,¶¹°ê,¶¹°ê,segmentfault,SegmentFault Ë¼·ñ,¶¹°ê,¶¹°ê,
segmentfault,SegmentFault Ë¼·ñ,¶¹°ê,¶¹°ê,segmentfault,SegmentFault Ë¼·ñ,¶¹°ê,¶¹°ê,
segmentfault,SegmentFault Ë¼·ñ,¶¹°ê,¶¹°ê,segmentfault,SegmentFault Ë¼·ñ,¶¹°ê,¶¹°ê,
segmentfault,SegmentFault Ë¼·ñ,¶¹°ê,¶¹°ê,segmentfault,SegmentFault Ë¼·ñ,¶¹°ê,¶¹°ê,
segmentfault,SegmentFault Ë¼·ñ,¶¹°ê,¶¹°ê,segmentfault,SegmentFault Ë¼·ñ,¶¹°ê,¶¹°ê,
segmentfault,SegmentFault Ë¼·ñ,¶¹°ê,¶¹°ê,segmentfault,SegmentFault Ë¼·ñ,¶¹°ê,¶¹°ê,
segmentfault,SegmentFault Ë¼·ñ,¶¹°ê,¶¹°ê,segmentfault,SegmentFault Ë¼·ñ,¶¹°ê,¶¹°ê,
segmentfault,SegmentFault Ë¼·ñ,¶¹°ê,¶¹°ê,segmentfault,SegmentFault Ë¼·ñ,¶¹°ê,¶¹°ê,
segmentfault,SegmentFault Ë¼·ñ,¶¹°ê,¶¹°ê,segmentfault,SegmentFault Ë¼·ñ,¶¹°ê,¶¹°ê,
segmentfault,SegmentFault Ë¼·ñ,¶¹°ê,¶¹°ê,segmentfault,SegmentFault Ë¼·ñ,¶¹°ê,¶¹°ê,
segmentfault,SegmentFault Ë¼·ñ,¶¹°ê,¶¹°ê,segmentfault,SegmentFault Ë¼·ñ,¶¹°ê,¶¹°ê,
segmentfault,SegmentFault Ë¼·ñ,¶¹°ê,¶¹°ê,segmentfault,SegmentFault Ë¼·ñ,¶¹°ê,¶¹°ê,
segmentfault,SegmentFault Ë¼·ñ,¶¹°ê,¶¹°ê,segmentfault,SegmentFault Ë¼·ñ,¶¹°ê,¶¹°ê,
segmentfault,SegmentFault Ë¼·ñ,¶¹°ê,¶¹°ê,segmentfault,SegmentFault Ë¼·ñ,¶¹°ê,¶¹°ê,
segmentfault,SegmentFault Ë¼·ñ,¶¹°ê,¶¹°ê,segmentfault,SegmentFault Ë¼·ñ,¶¹°ê,¶¹°ê,
segmentfault,SegmentFault Ë¼·ñ,¶¹°ê,¶¹°ê,segmentfault,SegmentFault Ë¼·ñ,¶¹°ê,¶¹°ê,
segmentfault,SegmentFault Ë¼·ñ,¶¹°ê,¶¹°ê,segmentfault,SegmentFault Ë¼·ñ,¶¹°ê,¶¹°ê,
segmentfault,SegmentFault Ë¼·ñ,¶¹°ê,¶¹°ê,segmentfault,SegmentFault Ë¼·ñ,¶¹°ê,¶¹°ê,
segmentfault,SegmentFault Ë¼·ñ,¶¹°ê,¶¹°ê,segmentfault,SegmentFault Ë¼·ñ,¶¹°ê,¶¹°ê,
segmentfault,SegmentFault Ë¼·ñ,¶¹°ê,¶¹°ê,segmentfault,SegmentFault Ë¼·ñ,¶¹°ê,¶¹°ê,
segmentfault,SegmentFault Ë¼·ñ,¶¹°ê,¶¹°ê,segmentfault,SegmentFault Ë¼·ñ,¶¹°ê,¶¹°ê,
segmentfault,SegmentFault Ë¼·ñ,¶¹°ê,¶¹°ê,segmentfault,SegmentFault Ë¼·ñ,¶¹°ê,¶¹°ê,
segmentfault,SegmentFault Ë¼·ñ,¶¹°ê,¶¹°ê,segmentfault,SegmentFault Ë¼·ñ,¶¹°ê,¶¹°ê,
segmentfault,SegmentFault Ë¼·ñ,¶¹°ê,¶¹°ê,segmentfault,SegmentFault Ë¼·ñ,¶¹°ê,¶¹°ê,
segmentfault,SegmentFault Ë¼·ñ,¶¹°ê,¶¹°ê,segmentfault,SegmentFault Ë¼·ñ,¶¹°ê,¶¹°ê,
segmentfault,SegmentFault Ë¼·ñ,¶¹°ê,¶¹°ê,segmentfault,SegmentFault Ë¼·ñ,¶¹°ê,¶¹°ê,
segmentfault,SegmentFault Ë¼·ñ,¶¹°ê,¶¹°ê,segmentfault,SegmentFault Ë¼·ñ,¶¹°ê,¶¹°ê,
segmentfault,SegmentFault Ë¼·ñ,¶¹°ê,¶¹°ê,segmentfault,SegmentFault Ë¼·ñ,¶¹°ê,¶¹°ê,
segmentfault,SegmentFault Ë¼·ñ,¶¹°ê,¶¹°ê,segmentfault,SegmentFault Ë¼·ñ,¶¹°ê,¶¹°ê,
segmentfault,SegmentFault Ë¼·ñ,¶¹°ê,¶¹°ê,segmentfault,SegmentFault Ë¼·ñ,¶¹°ê,¶¹°ê,
segmentfault,SegmentFault Ë¼·ñ,¶¹°ê,¶¹°ê,segmentfault,SegmentFault Ë¼·ñ,¶¹°ê,¶¹°ê,
segmentfault,SegmentFault Ë¼·ñ,¶¹°ê,¶¹°ê,segmentfault,SegmentFault Ë¼·ñ,¶¹°ê,¶¹°ê,
segmentfault,SegmentFault Ë¼·ñ,¶¹°ê,¶¹°ê,segmentfault,SegmentFault Ë¼·ñ,¶¹°ê,¶¹°ê,
segmentfault,SegmentFault Ë¼·ñ,¶¹°ê,¶¹°ê,segmentfault,SegmentFault Ë¼·ñ,¶¹°ê,¶¹°ê,
segmentfault,SegmentFault Ë¼·ñ,¶¹°ê,¶¹°ê,segmentfault,SegmentFault Ë¼·ñ,¶¹°ê,¶¹°ê,
segmentfault,SegmentFault Ë¼·ñ,¶¹°ê,¶¹°ê,segmentfault,SegmentFault Ë¼·ñ,¶¹°ê,¶¹°ê,
segmentfault,SegmentFault Ë¼·ñ,¶¹°ê,¶¹°ê,segmentfault,SegmentFault Ë¼·ñ,¶¹°ê,¶¹°ê,
segmentfault,SegmentFault Ë¼·ñ,¶¹°ê,¶¹°ê,segmentfault,SegmentFault Ë¼·ñ,¶¹°ê,¶¹°ê,
segmentfault,SegmentFault Ë¼·ñ,¶¹°ê,¶¹°ê,segmentfault,SegmentFault Ë¼·ñ,¶¹°ê,¶¹°ê,
segmentfault,SegmentFault Ë¼·ñ,¶¹°ê,¶¹°ê,segmentfault,SegmentFault Ë¼·ñ,¶¹°ê,¶¹°ê,
segmentfault,SegmentFault Ë¼·ñ,¶¹°ê,¶¹°ê,segmentfault,SegmentFault Ë¼·ñ,¶¹°ê,¶¹°ê,
segmentfault,SegmentFault Ë¼·ñ,¶¹°ê,¶¹°ê,segmentfault,SegmentFault Ë¼·ñ,¶¹°ê,¶¹°ê,
segmentfault,SegmentFault Ë¼·ñ,¶¹°ê,¶¹°ê,segmentfault,SegmentFault Ë¼·ñ,¶¹°ê,¶¹°ê,
segmentfault,SegmentFault Ë¼·ñ,¶¹°ê,¶¹°ê,segmentfault,SegmentFault Ë¼·ñ,¶¹°ê,¶¹°ê,
segmentfault,SegmentFault Ë¼·ñ,¶¹°ê,¶¹°ê,segmentfault,SegmentFault Ë¼·ñ,¶¹°ê,¶¹°ê,
segmentfault,SegmentFault Ë¼·ñ,¶¹°ê,¶¹°ê,segmentfault,SegmentFault Ë¼·ñ,¶¹°ê,¶¹°ê,
segmentfault,SegmentFault Ë¼·ñ,¶¹°ê,¶¹°ê,segmentfault,SegmentFault Ë¼·ñ,¶¹°ê,¶¹°ê,
segmentfault,SegmentFault Ë¼·ñ,¶¹°ê,¶¹°ê,segmentfault,SegmentFault Ë¼·ñ,¶¹°ê,¶¹°ê,
segmentfault,SegmentFault Ë¼·ñ,¶¹°ê,¶¹°ê,segmentfault,SegmentFault Ë¼·ñ,¶¹°ê,¶¹°ê,
segmentfault,SegmentFault Ë¼·ñ,¶¹°ê,¶¹°ê,segmentfault,SegmentFault Ë¼·ñ,¶¹°ê,¶¹°ê,
segmentfault,SegmentFault Ë¼·ñ,¶¹°ê,¶¹°ê,segmentfault,SegmentFault Ë¼·ñ,¶¹°ê,¶¹°ê,
segmentfault,SegmentFault Ë¼·ñ,¶¹°ê,¶¹°ê,segmentfault,SegmentFault Ë¼·ñ,¶¹°ê,¶¹°ê,
segmentfault,SegmentFault Ë¼·ñ,¶¹°ê,¶¹°ê,segmentfault,SegmentFault Ë¼·ñ,¶¹°ê,¶¹°ê,
segmentfault,SegmentFault Ë¼·ñ,¶¹°ê,¶¹°ê,segmentfault,SegmentFault Ë¼·ñ,¶¹°ê,¶¹°ê,
segmentfault,SegmentFault Ë¼·ñ,¶¹°ê,¶¹°ê,segmentfault,SegmentFault Ë¼·ñ,¶¹°ê,¶¹°ê,
segmentfault,SegmentFault Ë¼·ñ,¶¹°ê,¶¹°ê,segmentfault,SegmentFault Ë¼·ñ,¶¹°ê,¶¹°ê,
segmentfault,SegmentFault Ë¼·ñ,¶¹°ê,¶¹°ê,segmentfault,SegmentFault Ë¼·ñ,¶¹°ê,¶¹°ê,
segmentfault,SegmentFault Ë¼·ñ,¶¹°ê,¶¹°ê,segmentfault,SegmentFault Ë¼·ñ,¶¹°ê,¶¹°ê,
segmentfault,SegmentFault Ë¼·ñ,¶¹°ê,¶¹°ê,segmentfault,SegmentFault Ë¼·ñ,¶¹°ê,¶¹°ê,
segmentfault,SegmentFault Ë¼·ñ,¶¹°ê,¶¹°ê,segmentfault,SegmentFault Ë¼·ñ,¶¹°ê,¶¹°ê,
segmentfault,SegmentFault Ë¼·ñ,¶¹°ê,¶¹°ê,segmentfault,SegmentFault Ë¼·ñ,¶¹°ê,¶¹°ê,
segmentfault,SegmentFault Ë¼·ñ,¶¹°ê,¶¹°ê,segmentfault,SegmentFault Ë¼·ñ,¶¹°ê,¶¹°ê,
segmentfault,SegmentFault Ë¼·ñ,¶¹°ê,¶¹°ê,segmentfault,SegmentFault Ë¼·ñ,¶¹°ê,¶¹°ê,
segmentfault,SegmentFault Ë¼·ñ,¶¹°ê,¶¹°ê,segmentfault,SegmentFault Ë¼·ñ,¶¹°ê,¶¹°ê,
segmentfault,SegmentFault Ë¼·ñ,¶¹°ê,¶¹°ê,segmentfault,SegmentFault Ë¼·ñ,¶¹°ê,¶¹°ê,
segmentfault,SegmentFault Ë¼·ñ,¶¹°ê,¶¹°ê,segmentfault,SegmentFault Ë¼·ñ,¶¹°ê,¶¹°ê,
segmentfault,SegmentFault Ë¼·ñ,¶¹°ê,¶¹°ê,segmentfault,SegmentFault Ë¼·ñ,¶¹°ê,¶¹°ê,
segmentfault,SegmentFault Ë¼·ñ,¶¹°ê,¶¹°ê,segmentfault,SegmentFault Ë¼·ñ,¶¹°ê,¶¹°ê,
segmentfault,SegmentFault Ë¼·ñ,¶¹°ê,¶¹°ê,segmentfault,SegmentFault Ë¼·ñ,¶¹°ê,¶¹°ê,
segmentfault,SegmentFault Ë¼·ñ,¶¹°ê,¶¹°ê,segmentfault,SegmentFault Ë¼·ñ,¶¹°ê,¶¹°ê,
segmentfault,SegmentFault Ë¼·ñ,¶¹°ê,¶¹°ê,segmentfault,SegmentFault Ë¼·ñ,¶¹°ê,¶¹°ê,
segmentfault,SegmentFault Ë¼·ñ,¶¹°ê,¶¹°ê,segmentfault,SegmentFault Ë¼·ñ,¶¹°ê,¶¹°ê,
segmentfault,SegmentFault Ë¼·ñ,¶¹°ê,¶¹°ê,segmentfault,SegmentFault Ë¼·ñ,¶¹°ê,¶¹°ê,
segmentfault,SegmentFault Ë¼·ñ,¶¹°ê,¶¹°ê,segmentfault,SegmentFault Ë¼·ñ,¶¹°ê,¶¹°ê,
segmentfault,SegmentFault Ë¼·ñ,¶¹°ê,¶¹°ê,segmentfault,SegmentFault Ë¼·ñ,¶¹°ê,¶¹°ê,
segmentfault,SegmentFault Ë¼·ñ,¶¹°ê,¶¹°ê,segmentfault,SegmentFault Ë¼·ñ,¶¹°ê,¶¹°ê,
segmentfault,SegmentFault Ë¼·ñ,¶¹°ê,¶¹°ê,segmentfault,SegmentFault Ë¼·ñ,¶¹°ê,¶¹°ê,
segmentfault,SegmentFault Ë¼·ñ,¶¹°ê,¶¹°ê,segmentfault,SegmentFault Ë¼·ñ,¶¹°ê,¶¹°ê,
segmentfault,SegmentFault Ë¼·ñ,¶¹°ê,¶¹°ê,segmentfault,SegmentFault Ë¼·ñ,¶¹°ê,¶¹°ê,
segmentfault,SegmentFault Ë¼·ñ,¶¹°ê,¶¹°ê,segmentfault,SegmentFault Ë¼·ñ,¶¹°ê,¶¹°ê,
segmentfault,SegmentFault Ë¼·ñ,¶¹°ê,¶¹°ê,segmentfault,SegmentFault Ë¼·ñ,¶¹°ê,¶¹°ê,
segmentfault,SegmentFault Ë¼·ñ,¶¹°ê,¶¹°ê,segmentfault,SegmentFault Ë¼·ñ,¶¹°ê,¶¹°ê,
segmentfault,SegmentFault Ë¼·ñ,¶¹°ê,¶¹°ê,segmentfault,SegmentFault Ë¼·ñ,¶¹°ê,¶¹°ê,
segmentfault,SegmentFault Ë¼·ñ,¶¹°ê,¶¹°ê,segmentfault,SegmentFault Ë¼·ñ,¶¹°ê,¶¹°ê,
segmentfault,SegmentFault Ë¼·ñ,¶¹°ê,¶¹°ê,segmentfault,SegmentFault Ë¼·ñ,¶¹°ê,¶¹°ê,
segmentfault,SegmentFault Ë¼·ñ,¶¹°ê,¶¹°ê,segmentfault,SegmentFault Ë¼·ñ,¶¹°ê,¶¹°ê,
segmentfault,SegmentFault Ë¼·ñ,¶¹°ê,¶¹°ê,segmentfault,SegmentFault Ë¼·ñ,¶¹°ê,¶¹°ê,
segmentfault,SegmentFault Ë¼·ñ,¶¹°ê,¶¹°ê,segmentfault,SegmentFault Ë¼·ñ,¶¹°ê,¶¹°ê,
segmentfault,SegmentFault Ë¼·ñ,¶¹°ê,¶¹°ê,segmentfault,SegmentFault Ë¼·ñ,¶¹°ê,¶¹°ê,
segmentfault,SegmentFault Ë¼·ñ,¶¹°ê,¶¹°ê,segmentfault,SegmentFault Ë¼·ñ,¶¹°ê,¶¹°ê,
segmentfault,SegmentFault Ë¼·ñ,¶¹°ê,¶¹°ê,segmentfault,SegmentFault Ë¼·ñ,¶¹°ê,¶¹°ê,
segmentfault,SegmentFault Ë¼·ñ,¶¹°ê,¶¹°ê,segmentfault,SegmentFault Ë¼·ñ,¶¹°ê,¶¹°ê,
segmentfault,SegmentFault Ë¼·ñ,¶¹°ê,¶¹°ê,segmentfault,SegmentFault Ë¼·ñ,¶¹°ê,¶¹°ê,
segmentfault,SegmentFault Ë¼·ñ,¶¹°ê,¶¹°ê,segmentfault,SegmentFault Ë¼·ñ,¶¹°ê,¶¹°ê,
segmentfault,SegmentFault Ë¼·ñ,¶¹°ê,¶¹°ê,segmentfault,SegmentFault Ë¼·ñ,¶¹°ê,¶¹°ê,
segmentfault,SegmentFault Ë¼·ñ,¶¹°ê,¶¹°ê,segmentfault,SegmentFault Ë¼·ñ,¶¹°ê,¶¹°ê,
segmentfault,SegmentFault Ë¼·ñ,¶¹°ê,¶¹°ê,segmentfault,SegmentFault Ë¼·ñ,¶¹°ê,¶¹°ê,
segmentfault,SegmentFault Ë¼·ñ,¶¹°ê,¶¹°ê,segmentfault,SegmentFault Ë¼·ñ,¶¹°ê,¶¹°ê,
segmentfault,SegmentFault Ë¼·ñ,¶¹°ê,¶¹°ê,segmentfault,SegmentFault Ë¼·ñ,¶¹°ê,¶¹°ê,
segmentfault,SegmentFault Ë¼·ñ,¶¹°ê,¶¹°ê,segmentfault,SegmentFault Ë¼·ñ,¶¹°ê,¶¹°ê,
segmentfault,SegmentFault Ë¼·ñ,¶¹°ê,¶¹°ê,segmentfault,SegmentFault Ë¼·ñ,¶¹°ê,¶¹°ê,
segmentfault,SegmentFault Ë¼·ñ,¶¹°ê,¶¹°ê,segmentfault,SegmentFault Ë¼·ñ,¶¹°ê,¶¹°ê,
segmentfault,SegmentFault Ë¼·ñ,¶¹°ê,¶¹°ê,segmentfault,SegmentFault Ë¼·ñ,¶¹°ê,¶¹°ê,
segmentfault,SegmentFault Ë¼·ñ,¶¹°ê,¶¹°ê,segmentfault,SegmentFault Ë¼·ñ,¶¹°ê,¶¹°ê,
segmentfault,SegmentFault Ë¼·ñ,¶¹°ê,¶¹°ê,segmentfault,SegmentFault Ë¼·ñ,¶¹°ê,¶¹°ê,
segmentfault,SegmentFault Ë¼·ñ,¶¹°ê,¶¹°ê,segmentfault,SegmentFault Ë¼·ñ,¶¹°ê,¶¹°ê,
segmentfault,SegmentFault Ë¼·ñ,¶¹°ê,¶¹°ê,segmentfault,SegmentFault Ë¼·ñ,¶¹°ê,¶¹°ê,
segmentfault,SegmentFault Ë¼·ñ,¶¹°ê,¶¹°ê,segmentfault,SegmentFault Ë¼·ñ,¶¹°ê,¶¹°ê,
segmentfault,SegmentFault Ë¼·ñ,¶¹°ê,¶¹°ê,segmentfault,SegmentFault Ë¼·ñ,¶¹°ê,¶¹°ê,
segmentfault,SegmentFault Ë¼·ñ,¶¹°ê,¶¹°ê,segmentfault,SegmentFault Ë¼·ñ,¶¹°ê,¶¹°ê,
segmentfault,SegmentFault Ë¼·ñ,¶¹°ê,¶¹°ê,segmentfault,SegmentFault Ë¼·ñ,¶¹°ê,¶¹°ê,
segmentfault,SegmentFault Ë¼·ñ,¶¹°ê,¶¹°ê,segmentfault,SegmentFault Ë¼·ñ,¶¹°ê,¶¹°ê,
segmentfault,SegmentFault Ë¼·ñ,¶¹°ê,¶¹°ê,segmentfault,SegmentFault Ë¼·ñ,¶¹°ê,¶¹°ê,
segmentfault,SegmentFault Ë¼·ñ,¶¹°ê,¶¹°ê,segmentfault,SegmentFault Ë¼·ñ,¶¹°ê,¶¹°ê,
segmentfault,SegmentFault Ë¼·ñ,¶¹°ê,¶¹°ê,segmentfault,SegmentFault Ë¼·ñ,¶¹°ê,¶¹°ê,
segmentfault,SegmentFault Ë¼·ñ,¶¹°ê,¶¹°ê,segmentfault,SegmentFault Ë¼·ñ,¶¹°ê,¶¹°ê,
segmentfault,SegmentFault Ë¼·ñ,¶¹°ê,¶¹°ê,segmentfault,SegmentFault Ë¼·ñ,¶¹°ê,¶¹°ê,
segmentfault,SegmentFault Ë¼·ñ,¶¹°ê,¶¹°ê,segmentfault,SegmentFault Ë¼·ñ,¶¹°ê,¶¹°ê,
segmentfault,SegmentFault Ë¼·ñ,¶¹°ê,¶¹°ê,segmentfault,SegmentFault Ë¼·ñ,¶¹°ê,¶¹°ê,
segmentfault,SegmentFault Ë¼·ñ,¶¹°ê,¶¹°ê,segmentfault,SegmentFault Ë¼·ñ,¶¹°ê,¶¹°ê,
segmentfault,SegmentFault Ë¼·ñ,¶¹°ê,¶¹°ê,segmentfault,SegmentFault Ë¼·ñ,¶¹°ê,¶¹°ê,
segmentfault,SegmentFault Ë¼·ñ,¶¹°ê,¶¹°ê,segmentfault,SegmentFault Ë¼·ñ,¶¹°ê,¶¹°ê,
segmentfault,SegmentFault Ë¼·ñ,¶¹°ê,¶¹°ê,segmentfault,SegmentFault Ë¼·ñ,¶¹°ê,¶¹°ê,
segmentfault,SegmentFault Ë¼·ñ,¶¹°ê,¶¹°ê,segmentfault,SegmentFault Ë¼·ñ,¶¹°ê,¶¹°ê,
segmentfault,SegmentFault Ë¼·ñ,¶¹°ê,¶¹°ê,segmentfault,SegmentFault Ë¼·ñ,¶¹°ê,¶¹°ê,
segmentfault,SegmentFault Ë¼·ñ,¶¹°ê,¶¹°ê,segmentfault,SegmentFault Ë¼·ñ,¶¹°ê,¶¹°ê,
segmentfault,SegmentFault Ë¼·ñ,¶¹°ê,¶¹°ê,segmentfault,SegmentFault Ë¼·ñ,¶¹°ê,¶¹°ê,
segmentfault,SegmentFault Ë¼·ñ,¶¹°ê,¶¹°ê,segmentfault,SegmentFault Ë¼·ñ,¶¹°ê,¶¹°ê,
segmentfault,SegmentFault Ë¼·ñ,¶¹°ê,¶¹°ê,segmentfault,SegmentFault Ë¼·ñ,¶¹°ê,¶¹°ê,
segmentfault,SegmentFault Ë¼·ñ,¶¹°ê,¶¹°ê,segmentfault,SegmentFault Ë¼·ñ,¶¹°ê,¶¹°ê,
segmentfault,SegmentFault Ë¼·ñ,¶¹°ê,¶¹°ê,segmentfault,SegmentFault Ë¼·ñ,¶¹°ê,¶¹°ê,
segmentfault,SegmentFault Ë¼·ñ,¶¹°ê,¶¹°ê,segmentfault,SegmentFault Ë¼·ñ,¶¹°ê,¶¹°ê,
segmentfault,SegmentFault Ë¼·ñ,¶¹°ê,¶¹°ê,segmentfault,SegmentFault Ë¼·ñ,¶¹°ê,¶¹°ê,
segmentfault,SegmentFault Ë¼·ñ,¶¹°ê,¶¹°ê,segmentfault,SegmentFault Ë¼·ñ,¶¹°ê,¶¹°ê,
segmentfault,SegmentFault Ë¼·ñ,¶¹°ê,¶¹°ê,segmentfault,SegmentFault Ë¼·ñ,¶¹°ê,¶¹°ê,
segmentfault,SegmentFault Ë¼·ñ,¶¹°ê,¶¹°ê,segmentfault,SegmentFault Ë¼·ñ,¶¹°ê,¶¹°ê,
segmentfault,SegmentFault Ë¼·ñ,¶¹°ê,¶¹°ê,segmentfault,SegmentFault Ë¼·ñ,¶¹°ê,¶¹°ê,
segmentfault,SegmentFault Ë¼·ñ,¶¹°ê,¶¹°ê,segmentfault,SegmentFault Ë¼·ñ,¶¹°ê,¶¹°ê,
segmentfault,SegmentFault Ë¼·ñ,¶¹°ê,¶¹°ê,segmentfault,SegmentFault Ë¼·ñ,¶¹°ê,¶¹°ê,
segmentfault,SegmentFault Ë¼·ñ,¶¹°ê,¶¹°ê,segmentfault,SegmentFault Ë¼·ñ,¶¹°ê,¶¹°ê,
segmentfault,SegmentFault Ë¼·ñ,¶¹°ê,¶¹°ê,segmentfault,SegmentFault Ë¼·ñ,¶¹°ê,¶¹°ê,
segmentfault,SegmentFault Ë¼·ñ,¶¹°ê,¶¹°ê,segmentfault,SegmentFault Ë¼·ñ,¶¹°ê,¶¹°ê,
segmentfault,SegmentFault Ë¼·ñ,¶¹°ê,¶¹°ê,segmentfault,SegmentFault Ë¼·ñ,¶¹°ê,¶¹°ê,
segmentfault,SegmentFault Ë¼·ñ,¶¹°ê,¶¹°ê,segmentfault,SegmentFault Ë¼·ñ,¶¹°ê,¶¹°ê,
segmentfault,SegmentFault Ë¼·ñ,¶¹°ê,¶¹°ê,segmentfault,SegmentFault Ë¼·ñ,¶¹°ê,¶¹°ê,
segmentfault,SegmentFault Ë¼·ñ,¶¹°ê,¶¹°ê,segmentfault,SegmentFault Ë¼·ñ,¶¹°ê,¶¹°ê,
segmentfault,SegmentFault Ë¼·ñ,¶¹°ê,¶¹°ê,segmentfault,SegmentFault Ë¼·ñ,¶¹°ê,¶¹°ê,
segmentfault,SegmentFault Ë¼·ñ,¶¹°ê,¶¹°ê,segmentfault,SegmentFault Ë¼·ñ,¶¹°ê,¶¹°ê,
segmentfault,SegmentFault Ë¼·ñ,¶¹°ê,¶¹°ê,segmentfault,SegmentFault Ë¼·ñ,¶¹°ê,¶¹°ê,
segmentfault,SegmentFault Ë¼·ñ,¶¹°ê,¶¹°ê,segmentfault,SegmentFault Ë¼·ñ,¶¹°ê,¶¹°ê,
segmentfault,SegmentFault Ë¼·ñ,¶¹°ê,¶¹°ê,segmentfault,SegmentFault Ë¼·ñ,¶¹°ê,¶¹°ê,
segmentfault,SegmentFault Ë¼·ñ,¶¹°ê,¶¹°ê,segmentfault,SegmentFault Ë¼·ñ,¶¹°ê,¶¹°ê,
segmentfault,SegmentFault Ë¼·ñ,¶¹°ê,¶¹°ê,segmentfault,SegmentFault Ë¼·ñ,¶¹°ê,¶¹°ê,
segmentfault,SegmentFault Ë¼·ñ,¶¹°ê,¶¹°ê,segmentfault,SegmentFault Ë¼·ñ,¶¹°ê,¶¹°ê,
segmentfault,SegmentFault Ë¼·ñ,¶¹°ê,¶¹°ê,segmentfault,SegmentFault Ë¼·ñ,¶¹°ê,¶¹°ê,
segmentfault,SegmentFault Ë¼·ñ,¶¹°ê,¶¹°ê,segmentfault,SegmentFault Ë¼·ñ,¶¹°ê,¶¹°ê,
segmentfault,SegmentFault Ë¼·ñ,¶¹°ê,¶¹°ê,segmentfault,SegmentFault Ë¼·ñ,¶¹°ê,¶¹°ê,
segmentfault,SegmentFault Ë¼·ñ,¶¹°ê,¶¹°ê,segmentfault,SegmentFault Ë¼·ñ,¶¹°ê,¶¹°ê,
segmentfault,SegmentFault Ë¼·ñ,¶¹°ê,¶¹°ê,segmentfault,SegmentFault Ë¼·ñ,¶¹°ê,¶¹°ê,
segmentfault,SegmentFault Ë¼·ñ,¶¹°ê,¶¹°ê,segmentfault,SegmentFault Ë¼·ñ,¶¹°ê,¶¹°ê,
